12,coba upload,1/8/2021 0:00,dicoba lagi
14,coba upload,1/9/2021 0:00,dicoba lagi
16,coba upload,1/10/2021 0:00,dicoba lagi
18,coba upload,1/11/2021 0:00,dicoba lagi
20,coba upload,1/12/2021 0:00,dicoba lagi
22,coba upload,1/13/2021 0:00,dicoba lagi
24,coba upload,1/14/2021 0:00,dicoba lagi
26,coba upload,1/15/2021 0:00,dicoba lagi
28,coba upload,1/16/2021 0:00,dicoba lagi
30,coba upload,1/17/2021 0:00,dicoba lagi
32,coba upload,1/18/2021 0:00,dicoba lagi
34,coba upload,1/19/2021 0:00,dicoba lagi
36,coba upload,1/20/2021 0:00,dicoba lagi
38,coba upload,1/21/2021 0:00,dicoba lagi
40,coba upload,1/22/2021 0:00,dicoba lagi
42,coba upload,1/23/2021 0:00,dicoba lagi
44,coba upload,1/24/2021 0:00,dicoba lagi
46,coba upload,1/25/2021 0:00,dicoba lagi
48,coba upload,1/26/2021 0:00,dicoba lagi
50,coba upload,1/27/2021 0:00,dicoba lagi
52,coba upload,1/28/2021 0:00,dicoba lagi
54,coba upload,1/29/2021 0:00,dicoba lagi
56,coba upload,1/30/2021 0:00,dicoba lagi
58,coba upload,1/31/2021 0:00,dicoba lagi
60,coba upload,2/1/2021 0:00,dicoba lagi
62,coba upload,2/2/2021 0:00,dicoba lagi
64,coba upload,2/3/2021 0:00,dicoba lagi
66,coba upload,2/4/2021 0:00,dicoba lagi
68,coba upload,2/5/2021 0:00,dicoba lagi
