12,coba upload,2021/01/08 00:00:00,dicoba lagi
14,coba upload,2021/01/09 00:00:00,dicoba lagi
16,coba upload,2021/01/10 00:00:00,dicoba lagi
18,coba upload,2021/01/11 00:00:00,dicoba lagi
20,coba upload,2021/01/12 00:00:00,dicoba lagi
22,coba upload,2021/01/13 00:00:00,dicoba lagi
24,coba upload,2021/01/14 00:00:00,dicoba lagi
26,coba upload,2021/01/15 00:00:00,dicoba lagi
28,coba upload,2021/01/16 00:00:00,dicoba lagi
30,coba upload,2021/01/17 00:00:00,dicoba lagi
32,coba upload,2021/01/18 00:00:00,dicoba lagi
34,coba upload,2021/01/19 00:00:00,dicoba lagi
36,coba upload,2021/01/20 00:00:00,dicoba lagi
38,coba upload,2021/01/21 00:00:00,dicoba lagi
40,coba upload,2021/01/22 00:00:00,dicoba lagi
42,coba upload,2021/01/23 00:00:00,dicoba lagi
44,coba upload,2021/01/24 00:00:00,dicoba lagi
46,coba upload,2021/01/25 00:00:00,dicoba lagi
48,coba upload,2021/01/26 00:00:00,dicoba lagi
50,coba upload,2021/01/27 00:00:00,dicoba lagi
52,coba upload,2021/01/28 00:00:00,dicoba lagi
54,coba upload,2021/01/29 00:00:00,dicoba lagi
56,coba upload,2021/01/30 00:00:00,dicoba lagi
58,coba upload,2021/01/31 00:00:00,dicoba lagi
60,coba upload,2021/02/01 00:00:00,dicoba lagi
62,coba upload,2021/02/02 00:00:00,dicoba lagi
64,coba upload,2021/02/03 00:00:00,dicoba lagi
66,coba upload,2021/02/04 00:00:00,dicoba lagi
68,coba upload,2021/02/05 00:00:00,dicoba lagi
