12,coba upload,2021-01-08,dicoba lagi
14,coba upload,2021-01-09,dicoba lagi
16,coba upload,2021-01-10,dicoba lagi
18,coba upload,2021-01-11,dicoba lagi
20,coba upload,2021-01-12,dicoba lagi
22,coba upload,2021-01-13,dicoba lagi
24,coba upload,2021-01-14,dicoba lagi
26,coba upload,2021-01-15,dicoba lagi
28,coba upload,2021-01-16,dicoba lagi
30,coba upload,2021-01-17,dicoba lagi
32,coba upload,2021-01-18,dicoba lagi
34,coba upload,2021-01-19,dicoba lagi
36,coba upload,2021-01-20,dicoba lagi
38,coba upload,2021-01-21,dicoba lagi
40,coba upload,2021-01-22,dicoba lagi
42,coba upload,2021-01-23,dicoba lagi
44,coba upload,2021-01-24,dicoba lagi
46,coba upload,2021-01-25,dicoba lagi
48,coba upload,2021-01-26,dicoba lagi
50,coba upload,2021-01-27,dicoba lagi
52,coba upload,2021-01-28,dicoba lagi
54,coba upload,2021-01-29,dicoba lagi
56,coba upload,2021-01-30,dicoba lagi
58,coba upload,2021-01-31,dicoba lagi
60,coba upload,2021-02-01,dicoba lagi
62,coba upload,2021-02-02,dicoba lagi
64,coba upload,2021-02-03,dicoba lagi
66,coba upload,2021-02-04,dicoba lagi
68,coba upload,2021-02-05,dicoba lagi
